{
  "thresholds": [
    0.521165582199481,
    1.542952888629731,
    2.5254583284694285,
    3.0471812503646487
  ],
  "qwk": 0.9215242241587678
}